Adidas,Deporte,205472040,nan,nan,https://www.adidas.es/,nan,nan,adidas,adidases,online,1311bffb-f981-4003-9cb7-3866bae1004e,69205a93-a3a1-4e43-a96e-7d8cb9af4812,ZARAGOZA,NL,205472040,'ADIDASES WWW.ADIDAS.ES'
Adidas,Deporte,20547204,nan,nan,https://www.adidas.es/,nan,nan,adidas,adidases,online,1311bffb-f981-4003-9cb7-3866bae1004e,69205a93-a3a1-4e43-a96e-7d8cb9af4812,ZARAGOZA,NL,205472040,'ADIDASES WWW.ADIDAS.ES'
Aloha Poke,Restauración,124804162,404.376.851,-36.871.384,Calle de María de Molina, 16, 28006 Madrid, España,maria de molina madrid,b87712162,aloha poke,aloha poke,comercio,a885cf8e-af14-4cd7-97b8-44a08b2351b1,f4697c19-812d-48cd-b32a-8c67815b28b8,MADRID,ES,124804162,'ALOHA POKE MARIA DE MOLIN'
Aloha Poke,Restauración,124170044,404.238.357,-36.765.097,Av. de Felipe II, 8, 28009 Madrid, España,felipe ii madrid,b87712162,aloha poke,aloha poke,comercio,d1f72163-8341-44d2-aa24-0904d0f26c66,f4697c19-812d-48cd-b32a-8c67815b28b8,MADRID,ES,124170044,'ALOHA POKE'
Aloha Poke,Restauración,124286030,404.247.199,-37.021.041,Corre. Alta de San Pablo, 5, 28004 Madrid, España,alta de san pablo madrid,b87712162,aloha poke,aloha poke,comercio,c16cdc91-36de-4036-a578-cc73efb216f6,f4697c19-812d-48cd-b32a-8c67815b28b8,MADRID,ES,124286030,'ALOHA POKE'
Aloha Poke,Restauración,126756675,404.211.367,-36.974.478,C. de la Libertad, 17, 28004 Madrid, España,libertad madrid,b87712162,aloha poke,aloha poke,comercio,fe4d75aa-8e4f-448c-a0fa-5f2fddb19858,f4697c19-812d-48cd-b32a-8c67815b28b8,MADRID,ES,126756675,'ALOHA POKE'
Aloha Poke,Restauración,350224325,404.367.019,-37.131.657,C. de Guzmán el Bueno, 73, 28015 Madrid, España,guzman el bueno madrid,b87712162,aloha poke,aloha poke,comercio,d51894e2-a10b-46d0-9c86-5b6a7d3d0807,f4697c19-812d-48cd-b32a-8c67815b28b8,MADRID,ES,350224325,'ALOHA POKE'
Aloha Poke,Restauración,355498189,404.388.728,-36.338.351,C. de Alcalá, 462, 28027 Madrid, España,alcala madrid,b87712162,aloha poke,aloha poke,comercio,c4b06180-064c-4e30-b575-1232ad7218b8,f4697c19-812d-48cd-b32a-8c67815b28b8,MADRID,ES,355498189,'ALOHA POKE CIUDAD LINEAL'
Aloha Poke,Restauración,124802984,403.882.448,-36.909.334,C. de Embajadores, 197, 28045 Madrid, España,embajadores madrid,b87712162,aloha poke,aloha poke,comercio,07c319eb-bbbb-4211-8a48-74fff6dae285,f4697c19-812d-48cd-b32a-8c67815b28b8,MADRID,ES,124802984,'ALOHA POKE EMBAJADORES'
AMALASAÑA,Restauración,34863878,404.571.213,-3.699.132,C. de San Germán, 50, 28020 Madrid, España,san german madrid,B01995208,amalasaña,amalasaña,comercio,f3316625-be1f-41c5-90f6-3dd155187f2d,3b3d0dbd-b3b8-44e3-b268-9c91705171bf,MADRID,ES,034863878,'A MALA SAãA'
Ayala Japon,Restauración,33631771,404.275.828,-36.764.862,Cl. de Ayala, 67, 28001 Madrid, España,ayala madrid,E83472782,ayala japon,ayala japon,comercio,5ef2414d-63c7-4a10-bc99-9147859380b7,57063674-3671-4b44-87ec-8aaeac950905,MADRID,ES,033631771,'AYALA JAPON'
Baby Rubaiyat,Restauración,66521857,404.611.123,-36.868.676,C. de Juan Ramón Jiménez, 37, 28036 Madrid, España,juan ramon jimenez madrid,B84092626,baby rubaiyat,baby rubaiyat,comercio,55523bc8-662c-4892-b03d-f8626fe3780c,c6b45321-ac1c-4869-918b-9f903449729e,MADRID,ES,066521857,'BABY GRILL RUBAIYAT'
Barbour,Moda,81588998,40.424.177,-36.873.434,C. de Jorge Juan, 5, 28001 Madrid, España,jorge juan madrid,A28571628,barbour,barbour,comercio,33f0bc0b-75b6-4ef0-bb2e-d5342ffc645d,ba17bd3c-c397-44e1-8696-0b21417d2eb7,MADRID,ES,081588998,'BARBOUR'
Barbour,Moda,81788721,432.631.082,-29.310.761,Astarloa Kalea, 1, 48001 Bilbo, Bizkaia, España,astarloa kalea bilbo,A28571628,barbour,barbour,comercio,a02e02b7-619f-44b6-9f42-58aa143ddf70,ba17bd3c-c397-44e1-8696-0b21417d2eb7,BILBAO,ES,081788721,'BARBOUR BILBAO'
Barra alta,Alimentación y nutrición,336923339,413.997.316,21.506.839,Carrer de Laforja, 11, 08006 Barcelona, España,laforja barcelona,B55718159,barra alta,barra alta,comercio,fa8244e0-8c6f-4394-abb4-0f0d15dfac9d,6b73343b-343d-4457-b60a-492d70dd65b7,BARCELONA,ES,336923339,'BARRA ALTA RESTAURANT'
BEEP,Electrónica,358678902,nan,nan,http://www.beep.es,nan,B02149094,beep,beepes,online,a3c4c857-9ebe-4529-b3a1-135d3850ab20,8e167de0-5065-4269-8390-1461f3fd8024,REUS,ES,358678902,'BEEP'
Benedetto Ristorante,Restauración,285342937,404.344.244,-36.899.541,C. de Fortuny, 34, 28010 Madrid, España,fortuny madrid,B82111295,benedetto ristorante,benedetto ristorante,comercio,3c4c8a6c-0fee-43e3-bbb1-bc249ffafc1e,63274138-feb1-4d30-a94d-424241012210,MADRID,ES,285342937,'FORTUNY RESTAURANTE'
BONPRIX,Moda,155335964,nan,nan,http://www.bonprix.es,nan,N0057926H,bonprix,bonprixes,online,253b498f-5ffb-4d46-b3fb-a979450fc79f,38030b89-6f58-4b52-a1fc-8262ddc36640,Valdengo,DE,155335964,'Bonprix.es'
BONPRIX,Moda,145335966,nan,nan,http://www.bonprix.es,nan,N0057926H,bonprix,bonprixes,online,253b498f-5ffb-4d46-b3fb-a979450fc79f,38030b89-6f58-4b52-a1fc-8262ddc36640,VALDENGO,DE,145335966,'BONPRIX.ES'
Booking,Movilidad y vehículos,20449409,nan,nan,https://www.booking.com,nan,nan,booking,bookingcom,online,dd7b90c2-b4e4-4062-8f34-2da767e2b638,751fd37d-9b0d-40d8-8f99-1335b1131b76,(888)850-3958,IE,020449409,'BKG*HOTEL AT BOOKING.C'
Booking,Movilidad y vehículos,20449409,nan,nan,https://www.booking.com,nan,nan,booking,bookingcom,online,dd7b90c2-b4e4-4062-8f34-2da767e2b638,751fd37d-9b0d-40d8-8f99-1335b1131b76,(888)850-3958,IE,020449409,'BKG*BOOKING.COM HOTEL'
Brumalis,Hogar y decoración,14352397,404.216.888,-36.873.597,C. del Conde de Aranda, 10, 28001 Madrid, España,conde de aranda madrid,B88360961,brumalis,brumalis,comercio,1621a90f-4425-4683-ba3d-5d9a6be23c56,233969db-9dc0-4ec3-ad2d-cfc13aaca3a9,MADRID,ES,014352397,'BRUMALIS LUZ Y COLOR SL'
By The Way,Restauración,36167831,404.481.181,-36.480.841,C. de Josefa Valcárcel, 10, 28027 Madrid, España,josefa valcarcel madrid,B87553210,by the way,by the way,comercio,4431d7bf-a98d-44ae-a17d-07eda193ac19,b926cbe3-d97a-49c0-b10d-5dfbe8d8a799,MADRID,ES,036167831,'BY THE WAY'
By The Way,Restauración,336262902,404.481.181,-36.480.841,C. de Josefa Valcárcel, 10, 28027 Madrid, España,josefa valcarcel madrid,B87553210,by the way,by the way,comercio,4431d7bf-a98d-44ae-a17d-07eda193ac19,b926cbe3-d97a-49c0-b10d-5dfbe8d8a799,MADRID,ES,336262902,'BY THE WAY BRASSERIE, S.L'
Cafés Guilis,Alimentación y nutrición,356812974,nan,nan,http://cafesguilis.com,nan,B10550242,cafes guilis,cafesguiliscom,online,25b43b8a-0acb-4e5d-8119-b6615a6c68bf,ba5935a3-fff0-4cb0-bbe8-da6d30f438b4,ALCORCON,ES,356812974,'CAFES GUILIS ON LINE'
Caramelo,Restauración,118055573,37.382.406,-5.972.925,Av. San Francisco Javier, 1, nº 24 Edificio, 41018 Sevilla, España,san francisco javier sevilla,B72836307,caramelo,caramelo,comercio,2c4b6187-17d6-4dad-a78c-ffb7566df935,5b838288-c77c-43ae-ab59-2e4a2b447c16,SEVILLA,ES,118055573,'CARAMELO'
Casa del Libro,Ocio y cultura,32888422,nan,nan,https://www.casadellibro.com,nan,nan,casa del libro,casadellibrocom,online,84a9cf3b-8850-49d8-b484-1453d58a91de,0ddcb8b9-36b3-4ad3-b5ae-bae78d8ab877,MADRID,ES,032888422,'CASA DEL LIBRO'
Casa del Libro,Ocio y cultura,32888422,nan,nan,https://www.casadellibro.com,nan,nan,casa del libro,casadellibrocom,online,84a9cf3b-8850-49d8-b484-1453d58a91de,0ddcb8b9-36b3-4ad3-b5ae-bae78d8ab877,MADRID,ES,032888422,'CASA DEL LIBRO'
Casa Nemesio,Restauración,347499436,404.722.863,-36.870.545,P.º de la Castellana, 260, 28046 Madrid, España,castellana madrid,B09854308,casa nemesio,casa nemesio,comercio,124d4b67-bf16-4411-bc7d-b627ec463300,85d2b530-4e0c-4522-9da5-47c18539762b,MADRID,ES,347499436,'LAS CASAS DE RESTAURANTE'
Centro Dental Habana 77,Salud y bienestar,352472237,404.563.044,-36.813.776,P.º de La Habana, 77, 28036 Madrid, España,habana madrid,B88233119,centro dental habana 77,centro dental habana 77,comercio,59e7fd8f-d541-458b-b2f7-9d72de907f2e,8feffc33-4f41-4fc5-a9ad-8205629fafbe,MADRID,ES,352472237,'HABANA 77'
Cheesecake Avenue,Restauración,347915589,404.323.226,-37.005.784,C. de Trafalgar, 22, 28010 Madrid, España,trafalgar madrid,B42780973,cheesecake avenue,cheesecake avenue,comercio,6ec4e58b-840d-46f8-82ab-7d2a40f01ddb,14643cfa-1689-47aa-a994-211e019fa0c9,MADRID,ES,347915589,'CHEESCAKE AVENUE'
Cheesecake Avenue,Restauración,337998330,40.422.628,-36.789.218,C. de Antonio Acuña, 10, 28009 Madrid, España,antonio acuña madrid,B42780973,cheesecake avenue,cheesecake avenue,comercio,8df67b69-ec97-4f18-94c3-35da696bc942,14643cfa-1689-47aa-a994-211e019fa0c9,MADRID,ES,337998330,'CHEESECAKE AVENUE'
Cine Yelmo,Ocio y cultura,350450805,nan,nan,https://yelmocines.es/,nan,B82721473,cines yelmo,yelmocineses,online,132052ec-2974-4898-b196-b84458d2bc56,5b9407ce-2a2a-4ca5-b78a-2f58a3642472,POZUELO DE AL,ES,350450805,'YELMOFILMSWEB'
Clínica Dental Esteve-Bernabeu,Salud y bienestar,332439637,38.479.612,-7.789.091,C. Comparsa Vizcaínos, 6, 03610 Petrer, Alicante, España,comparsa vizcainos petrer,B42614156,clínica dental esteve bernabeu,clínica dental esteve-bernabeu,comercio,2995d3ac-e546-4195-9928-93ecce22c05a,c985588b-bd6d-40b9-983e-a3bdf0e48389,PETRER,ES,332439637,'CLINICA BERNABEU'
COALLA,Alimentación y nutrición,161053905,435.391.611,-56.570.225,C. Uría, 4, 33202 Gijón, Asturias, España,uria gijon asturias,B33865023,coalla,coalla,comercio,c889a939-4730-45a0-95ef-0287dacdf86f,fb5b5889-6db8-4ea9-98db-93851f926e34,GIJON,ES,161053905,'COALLA ULTRAMARINOS'
COALLA,Alimentación y nutrición,97813216,nan,nan,http://www.coalla.es,nan,B33865023,coalla,coallaes,online,187488b5-3665-4f84-a2c9-9d1ed26ffe86,fb5b5889-6db8-4ea9-98db-93851f926e34,GIJON,ES,097813216,'COALLA LOGISTICA'
COALLA,Alimentación y nutrición,161053947,433.626.921,-58.542.588,C. Asturias, 14, 33004 Oviedo, Asturias, España,asturias oviedo,B33865023,coalla,coalla,comercio,4e61603c-921e-4362-9b38-9c82436889cb,fb5b5889-6db8-4ea9-98db-93851f926e34,OVIEDO,ES,161053947,'COALLA GOURMET'
COALLA,Alimentación y nutrición,161053921,435.438.333,-56.628.416,C. San Antonio, 8, 33201 Gijón, Asturias, España,san antonio gijon,B33865023,coalla,coalla,comercio,e6dd29cc-b683-438f-8b73-666ec7401f56,fb5b5889-6db8-4ea9-98db-93851f926e34,GIJON,ES,161053921,'COALLA GOURMET'
COALLA MADRID,Alimentación y nutrición,36092104,404.531.205,-36.807.654,C. de Serrano, 203, Chamartín, 28016 Madrid, España,serrano chamartin,B88579586,coalla,coalla madrid,comercio,e2895553-2645-45d7-a104-5d2e1603194e,23c6153d-03c5-49b7-947b-9c2266dd31b5,MADRID,ES,036092104,'COALLA'
Colchonexpress,Hogar y decoración,78147873,nan,nan,https://www.colchonexpres.com,nan,nan,colchon expres,colchonexprescom,online,f5ebe7a0-4764-4273-8df1-6bab1a74548e,eabe09e4-0759-459d-9e2b-b2c5506fa008,SAN FERNANDO,ES,078147873,'COLCHON EXPRESS WEB'
COSMÉTICOS 24H.,Salud y bienestar,45220852,nan,nan,http://www.cosmeticos24h.com,nan,B54681804,cosmeticos24h,cosmeticos24hcom,online,a55a055c-7621-4ab7-a25e-930e25a98c3d,ff236f75-4f59-4e60-b704-296b5665bc4c,ELCHE,ES,045220852,'COSMETICOS 24H'
Decathlon,Deporte,124191321,nan,nan,https://www.decathlon.es,nan,nan,decathlon,decathlones,online,231a2ed7-4f1f-45c6-9d42-728a7c6f9ec5,b26ebbfd-1001-452b-9df0-1a94e2dca8d2,GETAFE,ES,124191321,'DECATHLON ON LINE'
Disfrazzes,Niños y bebés,327600318,nan,nan,https://www.disfrazzes.com,nan,nan,disfrazzes,disfrazzescom,online,2728b6a7-a665-42e2-a381-60925313fa08,8d14c95d-bc34-4ad5-9d96-2dcefba6d490,IBI,ES,327600318,'DISFRAZZES'
Doce botellas,Ocio y cultura,66052648,40.424.256,-36.964.093,C. de Belén, 7, 28004 Madrid, España,belen madrid,B87961884,doce botellas,doce botellas,comercio,55f7a98d-c1cd-4d06-8e04-39775f5ae9d3,a7727d75-d087-4468-9f61-b67f6d2dbabf,MADRID,ES,066052648,'DOCE BOTELLAS. SL'
Dormitienda,Hogar y decoración,124780792,394.614.115,-3.626.069,Calle Escultor Jose Capuz, 14, 46000, Valencia, Valencia,escultor jose capuz valencia,nan,dormitienda,dormitienda,comercio,7f99b0a9-46b3-44e0-9dc6-de1eefe5d541,cc5628f1-31cd-429b-b200-d6816906b9e3,VALENCIA,ES,124780792,'DORMITIENDA 1'
Dormitienda,Hogar y decoración,63597009,394.835.078,-3.706.425,Carretera Alboraya 33, 46010, Valencia, Valencia, Valencia,carretera alboraya valencia,nan,dormitienda,dormitienda,comercio,1b73ecc0-3610-4f72-be64-5da9c428e4a9,cc5628f1-31cd-429b-b200-d6816906b9e3,VALENCIA,ES,063597009,'DORMITIENDA 2'
Dormitienda,Hogar y decoración,55786024,nan,nan,https://dormitienda.com,nan,nan,dormitienda,dormitiendacom,online,0e2879b7-4852-44ed-8c2c-b84eee9259e5,cc5628f1-31cd-429b-b200-d6816906b9e3,ALGINET,ES,055786024,'TIENDA WEB'
Dormitienda,Hogar y decoración,15185788,394.745.877,-3.917.893,Calle Quart, 138, 46008, Valencia, Valencia,quart valencia,nan,dormitienda,dormitienda,comercio,3df2c6e3-222d-4c82-b97d-dd95d48fe049,cc5628f1-31cd-429b-b200-d6816906b9e3,VALENCIA,ES,015185788,'DORMITIENDA VII'
Dormitienda,Hogar y decoración,15426224,394.313.839,-4.731.756,Calle Caja de Ahorros, 1, 46900, Torrent, Valencia,caja de ahorros torrent,nan,dormitienda,dormitienda,comercio,ca47e1f0-604f-4256-9008-fd8e48ee6e85,cc5628f1-31cd-429b-b200-d6816906b9e3,TORRENT,ES,015426224,'DORMITIENDA, SL. X'
Dormitienda,Hogar y decoración,15430333,394.676.547,-3.960.275,Avenida Archiduque Carlos, 75, 46018, Valencia, Valencia,archiduque carlos valencia,nan,dormitienda,dormitienda,comercio,8c46d61f-7147-46c2-a4cd-48a09b72a67b,cc5628f1-31cd-429b-b200-d6816906b9e3,VALENCIA,ES,015430333,'DORMITIENDA SL XI'
Dormitienda,Hogar y decoración,15540651,39.460.186,-3.458.209,Avenida Baleares, 76, 46023, Valencia, Valencia,baleares valencia,nan,dormitienda,dormitienda,comercio,53076d17-76a1-49e6-8330-db645e295700,cc5628f1-31cd-429b-b200-d6816906b9e3,VALENCIA,ES,015540651,'DORMITIENDA 15'
Dormitienda,Hogar y decoración,45653029,394.746.448,-3.525.822,Cardenal Benlloch, 110, 46021, Valencia, Valencia,cardenal benlloch valencia,nan,dormitienda,dormitienda,comercio,3cedd3a4-9b8e-4e72-81bb-740335ef817a,cc5628f1-31cd-429b-b200-d6816906b9e3,VALENCIA,ES,045653029,'DORMITIENDA16'
Dormitienda,Hogar y decoración,15646326,394.863.097,-3.747.205,Sagunto, 112, 46009, Valencia, Valencia,sagunto valencia,nan,dormitienda,dormitienda,comercio,a08237b1-6aa0-4356-904a-817e239fa747,cc5628f1-31cd-429b-b200-d6816906b9e3,VALENCIA,ES,015646326,'DORMITIENDA 17'
Dormitienda,Hogar y decoración,45652955,38.341.587,-4.930.669,Churruca, 31, 3003, Alicante, Alicante,churruca alicante,nan,dormitienda,dormitienda,comercio,540ee54f-13e7-4fdf-9da9-2f61e1041684,cc5628f1-31cd-429b-b200-d6816906b9e3,HUERTO GALIND,ES,045652955,'DORMITIENDA 23'
Douglas,Salud y bienestar,437031840,nan,nan,http://www.douglas.es,nan,nan,douglas,douglases,online,597e1b47-c08c-41f2-881c-7af38405a50f,30440c36-f0ac-421d-8675-114115c3a58e,MADRID,NL,437031840,'DOUGLAS SPAIN, S. A. E'
Douglas,Salud y bienestar,437031840,nan,nan,http://www.douglas.es,nan,nan,douglas,douglases,online,597e1b47-c08c-41f2-881c-7af38405a50f,30440c36-f0ac-421d-8675-114115c3a58e,DOUGLAS.ES/,NL,437031840,'DOUGLAS SPAIN, S. A. ECOM'
El63,Moda,32675159,404.247.264,-36.705.733,C. de la Fuente del Berro, 25, 28009 Madrid, España,fuente del berro madrid,06223698J,el 63,el63,comercio,c2ccf615-6e8c-464c-b52b-c0fecf65120e,671659b3-7935-4602-9a25-2f30b3d3ab04,MADRID,ES,032675159,'EL 63'
El Hachazo,Ocio y cultura,346555386,404.055.215,-36.786.814,Calle de Narciso Serra, 15, 28007 Madrid, España,narciso serra madrid,B88062583,el hachazo,el hachazo,comercio,7c78f249-69d2-4c5c-9d2c-8efc14f02105,8e423bf0-3a70-409a-953f-3f808a7c4aee,MADRID,ES,346555386,'EL HACHAZO'
El Kiosko,Restauración,347231599,404.418.414,-37.132.656,Paseo de S. Fco. de Sales, 34, 28003 Madrid, España,san francisco de sales madrid,B87233730,el kiosko,el kiosko,comercio,25db1b8f-e133-4247-bcac-6472eeb45335,56db721b-d11b-4797-8563-14c2193479e3,MADRID,ES,347231599,'EL KIOSKO VALLEHERMOSO'
El Kiosko,Restauración,346375538,405.302.788,-36.384.816,Av. de Bruselas, 21, 28108 Alcobendas, Madrid, España,bruselas alcobendas,B87233730,el kiosko,el kiosko,comercio,c3cfb965-44c9-4fde-b463-ff0ca3528b20,56db721b-d11b-4797-8563-14c2193479e3,ALCOBENDAS,ES,346375538,'EL KIOSKO DIVERSIA'
El Kiosko,Restauración,336680228,40.506.728,-36.976.229,Av del Santuario de Valverde, 28049 Madrid, España,santuario de valverde madrid,B87233730,el kiosko,el kiosko,comercio,2c57a591-e395-4351-b255-4c82459a7ba6,56db721b-d11b-4797-8563-14c2193479e3,MADRID,ES,336680228,'EL KIOSKO MONTECARMELO'
El Kiosko,Restauración,352147029,404.687.958,-38.685.528,Parque Colón, C. Sta. Bárbara, 4, 28220 Majadahonda, Madrid, España,parque colon santa barbara majadahonda,B87233730,el kiosko,el kiosko,comercio,316203ad-e97f-4f43-a6d0-a5ac0e6d4d28,56db721b-d11b-4797-8563-14c2193479e3,MAJADAHONDA,ES,352147029,'EL KIOSKO MAJADAHONDA'
El Pinton,Restauración,347263329,404.247.198,-3.670.695,Calle de Goya, 127, 28009 Madrid, España,goya madrid,B87033171,el pinton,el pinton,comercio,2b19c1b9-e8fe-4ff9-b83a-94805619f1f4,97b5f9d9-e2d8-4e75-85dc-c5ee8109d372,MADRID,ES,347263329,'RESTAURANTE EL PINTON'
EL RECUERDO,Alimentación y nutrición,13067079,404.471.816,-36.984.246,C. del Aviador Zorita, 4, 28020 Madrid, España,aviador zorita madrid,B28967685,el recuerdo,el recuerdo,comercio,c886a5fc-ca1c-485c-ba58-553c072f71c9,b77b46e0-9523-478b-8c28-04f0a405fc49,MADRID,ES,013067079,'CALLEJON DE LOS RECUERDOS'
Empanadas Malvón,Restauración,36416717,403.417.612,-35.203.775,Av. de Levante, 240, 28521 Rivas-Vaciamadrid, Madrid, España,levante rivas-vaciamadrid,B87965604,empanadas malvón,empanadas malvón,comercio,1db89506-eedb-4767-8b33-717ebc357d1a,2d2fab0d-e7fe-4dd2-afbd-447187b1221a,MADRID,ES,036416717,'EMPANADILLA MSL'
Empanadas Malvón,Restauración,35321188,404.361.469,-36.005.712,Av. de Luis Aragonés, 4, puerta 42, 28022 Madrid, España,luis aragones puerta madrid,B87965604,empanadas malvón,empanadas malvón,comercio,1326220a-d61b-4fa1-bd8c-f6b02ce05eb8,2d2fab0d-e7fe-4dd2-afbd-447187b1221a,MADRID,ES,353211881,'EMPANADAS MALVON'
Empanadas Malvón,Restauración,36820991,405.042.582,-36.989.959,Av. de Montecarmelo, 43, 28034 Madrid, España,montecarmelo madrid,B87965604,empanadas malvón,empanadas malvón,comercio,753655f7-7136-428e-ba74-983ee2f77d44,2d2fab0d-e7fe-4dd2-afbd-447187b1221a,MADRID,ES,036820991,'EMPANADAS MALVON'
Empanadas Malvón,Restauración,36821015,404.830.922,-3.394.529,Av. Juan Carlos I, 14, 28806 Alcalá de Henares, Madrid, España,juan carlos i alcala de henares madrid,B87965604,empanadas malvón,empanadas malvón,comercio,987216b1-035c-4145-b845-fa1df77fedfe,2d2fab0d-e7fe-4dd2-afbd-447187b1221a,MADRID,ES,036821015,'EMPANADAS MALVON'
Empanadas Malvón,Restauración,14416291,404.220.139,-36.824.001,C. de Alcalá, 109, 28009 Madrid, España,alcala madrid,B87965604,empanadas malvón,empanadas malvón,comercio,a830d3f0-507d-4294-a2eb-e8889e604a8b,2d2fab0d-e7fe-4dd2-afbd-447187b1221a,MADRID,ES,014416291,'PABARIA5 SL'
Empanadas Malvón,Restauración,352541007,405.038.424,-38.924.576,C. Mónaco, 40, 28232 Las Rozas de Madrid, Madrid, España,monaco las rozas de madrid,B87965604,empanadas malvón,empanadas malvón,comercio,2763278a-5447-40a6-8674-5c58dccb4943,2d2fab0d-e7fe-4dd2-afbd-447187b1221a,MADRID,ES,352541007,'EMPANADAS MALVON'
Empanadas Malvón,Restauración,36251221,404.507.832,-36.867.071,P.º de la Habana, 52, 28036 Madrid, España,habana madrid,B87965604,empanadas malvón,empanadas malvón,comercio,ca7cd573-7268-45e7-b52f-720cc85eb09b,2d2fab0d-e7fe-4dd2-afbd-447187b1221a,ALCALA HENARE,ES,036251221,'EMPANADAS 4 MANOS'
Empanadas Malvón,Restauración,35372024,403.982.598,-36.939.817,Paseo de las Delicias, 65 bis, 28045 Madrid, España,paseo de las delicias madrid,B87965604,empanadas malvón,empanadas malvón,comercio,1eb8daee-01ac-4437-8a86-5c40dc693f9e,2d2fab0d-e7fe-4dd2-afbd-447187b1221a,RIVAS VACIAMA,ES,353720246,'EMPANADAS MALVON'
Empanadas Malvón,Restauración,353211881,404.070.788,-36.706.023,Pl. del Conde de Casal, 2, 28007 Madrid, España,conde de casal madrid,B87965604,empanadas malvón,empanadas malvón,comercio,aab0b8a7-7666-4b94-8ff3-fb2493976a6f,2d2fab0d-e7fe-4dd2-afbd-447187b1221a,MADRID,ES,353211881,'EMPANADAS MALVON'
Fabela Boxing Club,Salud y bienestar,36605954,404.546.018,-36.899.027,P.º de la Castellana, 95, 28046 Madrid, España,castellana madrid,B04949442,fabela boxing club,fabela boxing club,comercio,fe089141-e551-4ba5-aa92-78d3db8c8436,6dbdef6c-49bf-4bf9-98a5-770fc6ce856e,MADRID,ES,036605954,'FABELA BOX'
Farmacias Direct,Salud y bienestar,34849174,nan,nan,https://farmaciasdirect.com,nan,nan,farmaciasdirect,farmaciasdirectcom,online,86ed21ac-b72f-494b-8254-3fa104f29731,829e22a0-479b-47d9-a8af-09c0ce50220a,SEVILLA,ES,034849174,'FARMACIASDIRECT'
Farmacias Direct,Salud y bienestar,34849174,nan,nan,https://farmaciasdirect.com,nan,nan,farmaciasdirect,farmaciasdirectcom,online,86ed21ac-b72f-494b-8254-3fa104f29731,829e22a0-479b-47d9-a8af-09c0ce50220a,SEVILLA,ES,034849174,'FARMACIASDIRECT'
Farmacias Trébol,Salud y bienestar,337801724,nan,nan,https://www.farmaciastrebol.com,nan,nan,farmaciastrebol,farmaciastrebolcom,online,f5e4a43c-e683-43eb-8761-7f6986a8b796,bb68bb07-cceb-4e9f-a1a4-468354c76d08,MADRID,ES,337801724,'FARMACIAS TREBOL'
FNAC,Ocio y cultura,322208299,nan,nan,http://www.fnac.es,nan,A80500200,fnac,fnaces,online,8676c2b2-93cc-449f-8e09-3d824319ee14,6cf5bb89-c135-4c4a-aa12-298b42b39e8c,POZUELO DE AL,ES,322208299,'FNAC WEB'
Freshly Cosmetics,Salud y bienestar,209365000,nan,nan,https://freshlycosmetics.zendesk.com/hc/es,nan,nan,freshlycosmetics,freshlycosmeticszendeskcom,online,0fda568c-8d81-4402-aa81-eef6b18af1d0,225e228e-565f-40b9-a0d8-222101d4a88e,Tarragona,FR,209365000,'Freshly Cosmetics'
Freshly Cosmetics,Salud y bienestar,209365,nan,nan,https://freshlycosmetics.zendesk.com/hc/es,nan,nan,freshlycosmetics,freshlycosmeticszendeskcom,online,0fda568c-8d81-4402-aa81-eef6b18af1d0,225e228e-565f-40b9-a0d8-222101d4a88e,Tarragona,FR,209365000,'Freshly Cosmetics'
Galileo Farma,Salud y bienestar,14409544,404.360.503,-37.103.148,C. de Galileo, 61, 28015 Madrid, España,galileo madrid,B06814768,galileo farma,galileo farma,comercio,d3511bcd-0793-459d-a4bb-beb8868e471f,44a5c6e3-df2f-4749-b9ef-68feccbffa0a,MADRID,ES,014409544,'NUMAFE DIGITAL FARMA'
GO GREEN ESPAÑA,Salud y bienestar,347922163,404.224.216,-3.695.032,Calle del Almte., 6, 28004 Madrid, España,almirante madrid,B06995815,go green,go green,comercio,0262293c-601c-47bc-a7e9-049d1926b6c2,2344ca49-fb05-4231-aeb5-90a67c08619a,MADRID,ES,347922163,'GO GREEN SL'
HURLEY,Moda,13562511,nan,nan,http://eu.hurley.com,nan,B63209084,hurley,hurleycom,online,877595d6-f7ee-4c34-a000-bdba2a744cc4,db6aa749-5f3d-4b90-852d-645b34816d83,K67NY94,IE,013562511,'HURLEY-ESW-IRL'
Hutong,Restauración,352663918,404.311.308,-36.849.261,Calle de Lagasca, 81, 28006 Madrid, España,lagasca madrid,B87812657,hutong,hutong,comercio,4df2e2b5-d6eb-41db-a51e-a741da761f02,09cc183e-6620-493b-b57e-c94ef5084793,MADRID,ES,352663918,'HUTONG'
Hutong,Restauración,352663918,404.311.308,-36.849.261,Calle de Lagasca, 81, 28006 Madrid, España,lagasca madrid,B87812657,hutong,hutong,comercio,4df2e2b5-d6eb-41db-a51e-a741da761f02,09cc183e-6620-493b-b57e-c94ef5084793,MADRID,ES,352663918,'hutong'
Irene Esteve Dental Aesthetic,Salud y bienestar,353145352,404.358.029,-36.866.529,C. de Serrano, 77, 28006 Madrid, España,serrano madrid,b42614156,irene esteve dental aesthetic,irene esteve dental aesthetic,comercio,844c2a09-ade6-4217-b250-a803ede77cb7,0ff51560-95e4-489a-b708-e082b0c18b19,MADRID,ES,353145352,'IRENE ESTEVE'
JD Sports,Deporte,526567002,nan,nan,https://www.jdsports.es/,nan,nan,jdsports,jdsportses,online,3d956431-202c-4d51-9a30-4562046c09a9,668bf632-ce91-43df-9818-9f214426e0c0,Elche, Alican,NL,526567002,'JD Spain Sport Fashion'
JD Sports,Deporte,526567002,nan,nan,https://www.jdsports.es/,nan,nan,jdsports,jdsportses,online,3d956431-202c-4d51-9a30-4562046c09a9,668bf632-ce91-43df-9818-9f214426e0c0,Ieper,NL,526567002,'Omnium sport recreat'
JD Sports,Deporte,526567002,nan,nan,https://www.jdsports.es/,nan,nan,jdsports,jdsportses,online,3d956431-202c-4d51-9a30-4562046c09a9,668bf632-ce91-43df-9818-9f214426e0c0,Ondara,NL,526567002,'HM PortalMarina'
JD Sports,Deporte,526567002,nan,nan,https://www.jdsports.es/,nan,nan,jdsports,jdsportses,online,3d956431-202c-4d51-9a30-4562046c09a9,668bf632-ce91-43df-9818-9f214426e0c0,San Sebastian,NL,526567002,'HM Plaza Norte'
JD Sports,Deporte,526567002,nan,nan,https://www.jdsports.es/,nan,nan,jdsports,jdsportses,online,3d956431-202c-4d51-9a30-4562046c09a9,668bf632-ce91-43df-9818-9f214426e0c0,Barcelona,NL,526567002,'HM Glories'
JD Sports,Deporte,526567002,nan,nan,https://www.jdsports.es/,nan,nan,jdsports,jdsportses,online,3d956431-202c-4d51-9a30-4562046c09a9,668bf632-ce91-43df-9818-9f214426e0c0,Madrid,NL,526567002,'Dyson Spain SLU'
JD Sports,Deporte,526567002,nan,nan,https://www.jdsports.es/,nan,nan,jdsports,jdsportses,online,3d956431-202c-4d51-9a30-4562046c09a9,668bf632-ce91-43df-9818-9f214426e0c0,San Sebastian,NL,526567002,'Amer Sports'
karaoke Rooms Barcelona,Ocio y cultura,357280247,413.599.053,21.091.621,Av. del Carrilet, 237, 08907 L'Hospitalet de Llobregat, Barcelona, España,carrilet l'hospitalet de llobregat,B64460066,karaoke rooms barcelona,karaoke rooms barcelona,comercio,6a2e8fc4-fe95-4c8c-a3cb-fcc8fe42bf0f,e1ee59a8-0117-4357-857c-359aea883406,BARCELONA,ES,357280247,'KARAOKE ROOMS'
Kérastase,Salud y bienestar,63136113,nan,nan,https://www.kerastase.es,nan,nan,kerastase,kerastasees,online,10bb7aed-2ab2-4fb7-84b4-33ca3e890101,6f0d2a7a-5c25-4e70-bc53-10e8805f4a97,PARIS,SE,631361130,'KERASTASE.FR'
Kilos Out,Alimentación y nutrición,349185009,nan,nan,http://kilosoutplan.com,nan,B87690178,kilosoutplan,kilosoutplancom,online,40e6c439-0cb9-476f-a7f0-3f7afb656914,61e874b4-20b1-4fb1-8bba-7b9a9811c2e1,MADRID,ES,349185009,'KILOSOUT PLAN'
LA BOUTIQUE DE LA PRENSA,Ocio y cultura,126949833,404.366.461,-3.698.959,Calle de García de Paredes, 34, 28010 Madrid, España,garcia de paredes madrid,51401907N,la boutique de la prensa,la boutique de la prensa,comercio,d17105fa-ef6f-4461-8422-adf6d4477bf6,31fb53e4-7084-43b8-a2a6-666901c132c5,MADRID,ES,126949833,'BOUTIQUE DE LA PRENSA'
La Cantina de La Estación,Restauración,347506925,404.593.358,-36.958.783,C. de Sor Ángela de la Cruz, 17, 28020 Madrid, España,sor angela de la cruz madrid,B09854118,la cantina de la estación,la cantina de la estación,comercio,c67fc054-a160-423a-adf2-dc6ee0aaf724,ac72d403-3f56-4c55-b797-81072f9f8445,MADRID,ES,347506925,'LA CANTINA DE LA ESTACION'
La Levantera,Restauración,347339160,404.247.649,-36.721.528,Calle de Goya, 113, 28009 Madrid, España,goya madrid,B88205653,la levantera,la levantera,comercio,41a9e1af-f431-4c90-8526-639225f77b61,ad8af644-7962-440b-a188-f19da0f1b7e0,MADRID,ES,347339160,'LA CHICLANERA RESTAURACIO'
La Lupita,Alimentación y nutrición,31065766,404.224.821,-36.853.542,C. de Villanueva, 15, 28001 Madrid, España,villanueva madrid,B86607389,la lupita,la lupita,comercio,1e5ea186-1cac-4b1b-8dc8-455ba5d14464,25c767e5-f50d-48e0-85f8-4039026469d4,MADRID,ES,031065766,'LA LUPITA'
La Máquina de Chamberí,Restauración,347499543,404.402.321,-36.992.996,C. de Ponzano, 41, 28003 Madrid, España,ponzano madrid,B09854340,la máquina de chamberí,la máquina de chamberí,comercio,23b8762d-9e49-457d-93b0-ca524f8efa09,7f1e07b5-c622-44a8-a6c5-cf02e09c749f,MADRID,ES,347499543,'LA MAQUINA DE CHAMBERI, S'
La Máquina Original,Restauración,347499386,404.598.583,-36.949.867,C. de Sor Ángela de la Cruz, 22, 28020 Madrid, España,sor angela de la cruz madrid,B09854118,la máquina original,la máquina original,comercio,59648215-a20d-4b1f-a399-c1147488c2e4,9ac68bd2-6880-4310-a4e8-1dc5d8950614,MADRID,ES,347499386,'LA MAQUINA ORIGINAL SL'
La Merendona,Restauración,32752321,40.423.865,-36.788.442,Calle del Gral. Pardiñas, 3, 28001 Madrid, España,general pardiñas madrid,B87165916,la merendona,la merendona,comercio,528539bd-61c9-4717-b8ef-68ddce68f40a,ae4c216e-85d1-49f9-b821-ed4046887c3d,MADRID,ES,032752321,'LA MERENDONA'
LA MISIÓN,Restauración,13067061,404.545.793,-36.594.016,C. de José Silva, 22, 28043 Madrid, España,jose silva madrid,B80935083,la misión,la misión,comercio,4c4055c0-d85b-4348-b926-1c9b02d2dd07,d488e25e-3a81-4073-903e-5032c711f1c1,MADRID,ES,013067061,'LA MISION DE SANTA FE SL'
LA Organic,Ocio y cultura,337017826,nan,nan,http://www.laorganic.es,nan,B86921558,laorganic,laorganices,online,093fa56f-5d91-4891-81ad-6e63297b570b,070f1321-29b4-4e66-969f-d8df60425ce3,MADRID,ES,337017826,'LA ALMAZARA LA ORGANIC'
La Saluteria,Alimentación y nutrición,92568674,404.219.961,-36.846.756,C. de Velázquez, 9, 28001 Madrid, España,velazquez madrid,B 88199468,la saluteria,la saluteria,comercio,c5e32bc9-8034-4f2c-bd1b-3b57af502d5b,9f678f99-91fe-43c2-9500-cce5608240aa,MADRID,ES,092568674,'SALUTTERIA,S.L.'
La Sirena,Alimentación y nutrición,335686564,nan,nan,https://www.lasirena.es/,nan,nan,lasirena,lasirenaes,online,bafbc576-d603-4e97-a0c6-f2ed067cf837,eb857b57-21f2-42fb-9d5b-af7b7add4c9c,VILADECAVALLS,ES,335686564,'LA SIRENA'
Lefties,Moda,358125797,nan,nan,https://www.lefties.com/es/en/,nan,nan,lefties,leftiescom,online,e0dfc502-9201-47e3-a2e6-2a2d12bf23bd,d18067ce-5dff-43d8-88f0-d0c6913e200b,MADRID,ES,358125797,'LEFTIES'
LE KUN,Restauración,340480300,404.237.776,-36.861.546,C. de Jorge Juan, 12, Salamanca, 28001 Madrid, España,jorge juan salamanca madrid,nan,le kun,le kun,comercio,f1b4fda2-702e-4401-88a0-a41a33620e17,b243e1d1-496d-4d8d-ac59-47e5d9ab926c,MADRID,ES,340480300,'LE KUN'
Lidl,Alimentación y nutrición,344678313,nan,nan,https://www.lidl.es,nan,nan,lidl,lidles,online,7de407f7-c332-45b8-8697-3f7b34b1932b,b580016a-6edb-41d0-bc37-1983b0c36511,MONTCADA I RE,ES,344678313,'LIDL E-COMMERCE'
Livanda,Restauración,355109000,404.308.551,-36.703.145,C. de Francisco Navacerrada, 2, 28028 Madrid, España,francisco navacerrada madrid,B66942848,livanda,livanda,comercio,f1436c7f-b908-4e01-9908-0c6f5410e3c7,75611881-09a1-4c6f-b6d0-7c4e44e8bc2b,MADRID,ES,355109000,'LIVANDA 2'
Livanda,Restauración,346152051,404.257.748,-36.764.664,C. de Hermosilla, 84, 28001 Madrid, España,hermosilla madrid,B66942848,livanda,livanda,comercio,ba168a19-68c9-4561-8463-3a27b9b0ade0,75611881-09a1-4c6f-b6d0-7c4e44e8bc2b,MADRID,ES,346152051,'LIVANDA'
LOBO FELIZ,Niños y bebés,347531634,404.259.815,-3.698.084,C. de San Mateo, 28, 28004 Madrid, España,san mateo madrid,B85974137,lobo feliz,lobo feliz,comercio,4c4208a0-3576-4f0d-a4cd-b046dfd74633,ef9bee54-1392-489f-97e3-06d3243fc94b,MADRID,ES,347531634,'LOBO FELIZ'
Mamma Roma,Alimentación y nutrición,3101,404.300.682,-36.757.824,C. de José Ortega y Gasset, 55, 28006 Madrid, España,jose ortega y gasset madrid,51227331Y,mamma roma,mamma roma,comercio,d986aa50-aa4a-4ecf-93e4-389fe4f0707b,e4918dff-1082-47e6-9782-cf8e9fcae2eb,SINTRA,PT,000310136,'CASA PRETO'
Mamma Roma,Alimentación y nutrición,3101,404.300.682,-36.757.824,C. de José Ortega y Gasset, 55, 28006 Madrid, España,jose ortega y gasset madrid,51227331Y,mamma roma,mamma roma,comercio,d986aa50-aa4a-4ecf-93e4-389fe4f0707b,e4918dff-1082-47e6-9782-cf8e9fcae2eb,SINTRA,PT,000310166,'CASA PRETO'
Mamma Roma,Alimentación y nutrición,3101,404.300.682,-36.757.824,C. de José Ortega y Gasset, 55, 28006 Madrid, España,jose ortega y gasset madrid,51227331Y,mamma roma,mamma roma,comercio,d986aa50-aa4a-4ecf-93e4-389fe4f0707b,e4918dff-1082-47e6-9782-cf8e9fcae2eb,BERJA,ES,348931015,'LA BOMBONERA'
Mamma Roma,Alimentación y nutrición,3101,404.300.682,-36.757.824,C. de José Ortega y Gasset, 55, 28006 Madrid, España,jose ortega y gasset madrid,51227331Y,mamma roma,mamma roma,comercio,d986aa50-aa4a-4ecf-93e4-389fe4f0707b,e4918dff-1082-47e6-9782-cf8e9fcae2eb,ALTEA,ES,031013998,'ALTEA PARADISE'
Mamma Roma,Alimentación y nutrición,3101,404.300.682,-36.757.824,C. de José Ortega y Gasset, 55, 28006 Madrid, España,jose ortega y gasset madrid,51227331Y,mamma roma,mamma roma,comercio,d986aa50-aa4a-4ecf-93e4-389fe4f0707b,e4918dff-1082-47e6-9782-cf8e9fcae2eb,ALICANTE,ES,334173101,'MATILDE HERNANDEZ ROMERO'
Mamma Roma,Alimentación y nutrición,3101,404.300.682,-36.757.824,C. de José Ortega y Gasset, 55, 28006 Madrid, España,jose ortega y gasset madrid,51227331Y,mamma roma,mamma roma,comercio,d986aa50-aa4a-4ecf-93e4-389fe4f0707b,e4918dff-1082-47e6-9782-cf8e9fcae2eb,ESTEPONA,ES,031017213,'FARMACIAPUERTOALTO'
Mamma Roma,Alimentación y nutrición,3101,404.300.682,-36.757.824,C. de José Ortega y Gasset, 55, 28006 Madrid, España,jose ortega y gasset madrid,51227331Y,mamma roma,mamma roma,comercio,d986aa50-aa4a-4ecf-93e4-389fe4f0707b,e4918dff-1082-47e6-9782-cf8e9fcae2eb,LISBOA,PT,000310182,'BAR DA AE'
Mamma Roma,Alimentación y nutrición,3101,404.300.682,-36.757.824,C. de José Ortega y Gasset, 55, 28006 Madrid, España,jose ortega y gasset madrid,51227331Y,mamma roma,mamma roma,comercio,d986aa50-aa4a-4ecf-93e4-389fe4f0707b,e4918dff-1082-47e6-9782-cf8e9fcae2eb,LEON,ES,355310111,'MAMA TERE'
Mamma Roma,Alimentación y nutrición,3101,404.300.682,-36.757.824,C. de José Ortega y Gasset, 55, 28006 Madrid, España,jose ortega y gasset madrid,51227331Y,mamma roma,mamma roma,comercio,d986aa50-aa4a-4ecf-93e4-389fe4f0707b,e4918dff-1082-47e6-9782-cf8e9fcae2eb,MATARO,ES,363033101,'FARMACIA SPA SERRA'
Mamma Roma,Alimentación y nutrición,3101,404.300.682,-36.757.824,C. de José Ortega y Gasset, 55, 28006 Madrid, España,jose ortega y gasset madrid,51227331Y,mamma roma,mamma roma,comercio,d986aa50-aa4a-4ecf-93e4-389fe4f0707b,e4918dff-1082-47e6-9782-cf8e9fcae2eb,KIYOUTOSI,JP,331013377,'NAGOMITEPPAN ZOROMPA'
Mamma Roma,Alimentación y nutrición,3101,404.300.682,-36.757.824,C. de José Ortega y Gasset, 55, 28006 Madrid, España,jose ortega y gasset madrid,51227331Y,mamma roma,mamma roma,comercio,d986aa50-aa4a-4ecf-93e4-389fe4f0707b,e4918dff-1082-47e6-9782-cf8e9fcae2eb,SEVILLA,ES,323101246,'ONEFAM CENTRO'
Mamma Roma,Alimentación y nutrición,3101,404.300.682,-36.757.824,C. de José Ortega y Gasset, 55, 28006 Madrid, España,jose ortega y gasset madrid,51227331Y,mamma roma,mamma roma,comercio,d986aa50-aa4a-4ecf-93e4-389fe4f0707b,e4918dff-1082-47e6-9782-cf8e9fcae2eb,PALMA,ES,363101999,'SHAMROCK'
Mamma Roma,Alimentación y nutrición,3101,404.300.682,-36.757.824,C. de José Ortega y Gasset, 55, 28006 Madrid, España,jose ortega y gasset madrid,51227331Y,mamma roma,mamma roma,comercio,d986aa50-aa4a-4ecf-93e4-389fe4f0707b,e4918dff-1082-47e6-9782-cf8e9fcae2eb,BADIA DEL VAL,ES,361310121,'BAR LA TORRADA'
Mamma Roma,Alimentación y nutrición,3101,404.300.682,-36.757.824,C. de José Ortega y Gasset, 55, 28006 Madrid, España,jose ortega y gasset madrid,51227331Y,mamma roma,mamma roma,comercio,d986aa50-aa4a-4ecf-93e4-389fe4f0707b,e4918dff-1082-47e6-9782-cf8e9fcae2eb,RIVAS VACIAMA,ES,363101957,'LA COLOTA'
Mamma Roma,Alimentación y nutrición,3101,404.300.682,-36.757.824,C. de José Ortega y Gasset, 55, 28006 Madrid, España,jose ortega y gasset madrid,51227331Y,mamma roma,mamma roma,comercio,d986aa50-aa4a-4ecf-93e4-389fe4f0707b,e4918dff-1082-47e6-9782-cf8e9fcae2eb,HUESCA,ES,354231011,'MANGO HOMBRE'
Mamma Roma,Alimentación y nutrición,3101,404.300.682,-36.757.824,C. de José Ortega y Gasset, 55, 28006 Madrid, España,jose ortega y gasset madrid,51227331Y,mamma roma,mamma roma,comercio,d986aa50-aa4a-4ecf-93e4-389fe4f0707b,e4918dff-1082-47e6-9782-cf8e9fcae2eb,EGUISHEIM,FR,089310130,'TROT A FROMAGES'
Mamma Roma,Alimentación y nutrición,3101,404.300.682,-36.757.824,C. de José Ortega y Gasset, 55, 28006 Madrid, España,jose ortega y gasset madrid,51227331Y,mamma roma,mamma roma,comercio,d986aa50-aa4a-4ecf-93e4-389fe4f0707b,e4918dff-1082-47e6-9782-cf8e9fcae2eb,ALFACAR,ES,141031013,'FARMACIA MARLO'
Mamma Roma,Alimentación y nutrición,3101,404.300.682,-36.757.824,C. de José Ortega y Gasset, 55, 28006 Madrid, España,jose ortega y gasset madrid,51227331Y,mamma roma,mamma roma,comercio,d986aa50-aa4a-4ecf-93e4-389fe4f0707b,e4918dff-1082-47e6-9782-cf8e9fcae2eb,PILAR DE LA H,ES,175731017,'LUMAFARMA SL'
Mamma Roma,Alimentación y nutrición,3101,404.300.682,-36.757.824,C. de José Ortega y Gasset, 55, 28006 Madrid, España,jose ortega y gasset madrid,51227331Y,mamma roma,mamma roma,comercio,d986aa50-aa4a-4ecf-93e4-389fe4f0707b,e4918dff-1082-47e6-9782-cf8e9fcae2eb,MALAGA,ES,213101801,'CARNICERIA LA ROSA'
Mamma Roma,Alimentación y nutrición,3101,404.300.682,-36.757.824,C. de José Ortega y Gasset, 55, 28006 Madrid, España,jose ortega y gasset madrid,51227331Y,mamma roma,mamma roma,comercio,d986aa50-aa4a-4ecf-93e4-389fe4f0707b,e4918dff-1082-47e6-9782-cf8e9fcae2eb,MADRID,ES,357310150,'MAQUIS AND CO'
Mamma Roma,Alimentación y nutrición,3101,404.300.682,-36.757.824,C. de José Ortega y Gasset, 55, 28006 Madrid, España,jose ortega y gasset madrid,51227331Y,mamma roma,mamma roma,comercio,d986aa50-aa4a-4ecf-93e4-389fe4f0707b,e4918dff-1082-47e6-9782-cf8e9fcae2eb,LA CALA MIJAS,ES,337731012,'FARO'
Mamma Roma,Alimentación y nutrición,3101,404.300.682,-36.757.824,C. de José Ortega y Gasset, 55, 28006 Madrid, España,jose ortega y gasset madrid,51227331Y,mamma roma,mamma roma,comercio,d986aa50-aa4a-4ecf-93e4-389fe4f0707b,e4918dff-1082-47e6-9782-cf8e9fcae2eb,ALGECIRAS,ES,358003101,'LA SABROSA'
Mamma Roma,Alimentación y nutrición,3101,404.300.682,-36.757.824,C. de José Ortega y Gasset, 55, 28006 Madrid, España,jose ortega y gasset madrid,51227331Y,mamma roma,mamma roma,comercio,d986aa50-aa4a-4ecf-93e4-389fe4f0707b,e4918dff-1082-47e6-9782-cf8e9fcae2eb,VILCHES,ES,152083101,'FARMACIA DALMACIO RISOTO'
Mamma Roma,Alimentación y nutrición,3101,404.300.682,-36.757.824,C. de José Ortega y Gasset, 55, 28006 Madrid, España,jose ortega y gasset madrid,51227331Y,mamma roma,mamma roma,comercio,d986aa50-aa4a-4ecf-93e4-389fe4f0707b,e4918dff-1082-47e6-9782-cf8e9fcae2eb,PRAT DE LLOBR,ES,059310102,'PA I COCA'
Mamma Roma,Alimentación y nutrición,3101,404.300.682,-36.757.824,C. de José Ortega y Gasset, 55, 28006 Madrid, España,jose ortega y gasset madrid,51227331Y,mamma roma,mamma roma,comercio,d986aa50-aa4a-4ecf-93e4-389fe4f0707b,e4918dff-1082-47e6-9782-cf8e9fcae2eb,SAN JOSE DE L,ES,323101758,'LA TEJERA'
MARISCOS LAXE,Alimentación y nutrición,334068392,nan,nan,http://mariscosogrove.com,nan,B94072402,mariscosogrove,mariscosogrovecom,online,cd44a818-f6f1-46ea-aad4-f71a55bf7d28,1d422c17-2197-49bd-83c3-57613a1457c0,O GROVE,ES,334068392,'MARISCOS LAXE DE RONS SL'
MEDIA MARKT,Electrónica,355276452,nan,nan,http://www.mediamarkt.es,nan,nan,mediamarkt,mediamarktes,online,8ce10c32-7549-478a-9111-f46a22ca4f88,c38cae26-7a92-401d-b038-5cc742752849,EL PRAT DE LL,ES,355276452,'MEDIA MARKT ONLINE'
Merkal Calzados,Moda,350610226,nan,nan,https://www.merkal.com,nan,nan,merkal,merkalcom,online,5a3755dc-aa37-4590-9c66-8d7f61ff8f8c,0501ee60-8ba8-4525-8955-4da982d3dcc1,BARCELONA,ES,350610226,'MERKAL CALZADOS SL'
Michael Kors,Moda,101540274,nan,nan,https://www.michaelkors.es,nan,nan,michaelkors,michaelkorses,online,c185245e-9579-4072-9ae6-a4b180566c88,16c86082-4504-407f-9998-1c0be30eaf07,Madrid,LU,101540274,'Michael Kors Spain SL'
Miss Sushi Pozuelo,Restauración,337789796,404.402.574,-37.865.681,Vía de las Dos Castillas, 33, 28224 Pozuelo de Alarcón, Madrid, España,dos castillas pozuelo de alarcon,B87314449,miss sushi,miss sushi pozuelo,comercio,aff3f342-4bcc-4364-860c-3e5368fba2bc,d6eefbf8-551a-4d4b-bea4-2914fc311dcb,POZUELO,ES,337789796,'GOLD SUSHI'
Miss Sushi Pozuelo,Restauración,347648891,404.402.574,-37.865.681,Vía de las Dos Castillas, 33, 28224 Pozuelo de Alarcón, Madrid, España,dos castillas pozuelo de alarcon,B87314449,miss sushi,miss sushi pozuelo,comercio,aff3f342-4bcc-4364-860c-3e5368fba2bc,d6eefbf8-551a-4d4b-bea4-2914fc311dcb,MADRID,ES,347648891,'MISS SUSHI POZUELO'
Miss Sushi Santa Ana,Restauración,337789960,404.145.354,-37.000.128,C. del Prado, 2, 28014 Madrid, España,prado madrid,86864741,miss sushi,miss sushi,comercio,b0d8ae48-e6ff-475d-a859-41dfe7e31995,c34ff9c3-e818-46f6-9400-2f3ec6f40db0,MADRID,ES,337789960,'MISS SUSHI SANTA ANA'
M&J Gastrobar,Restauración,97505432,404.261.003,-35.531.492,C. de Guatemala, 1, 28822 Coslada, Madrid, España,guatemala coslada,B88342647,m&j gastrobar,m&j gastrobar,comercio,aca52e7b-941d-4cb1-a4f2-6a213b8744ce,6ab03a47-a34c-4683-ab2c-0a69dc270914,COSLADA,ES,097505432,'MYJ GASTROBAR'
MYPARKING,Moda,3153965,nan,nan,http://myparking.es,nan,1537840991,myparking,myparkinges,online,cf78640c-3f64-4d76-b264-c812bf7b1019,7faff7ee-cadc-4698-bfac-28f40870fc31,GENOVA,IT,315396500,'WWW.MYPARKING.IT'
MyProtein,Salud y bienestar,394325740,nan,nan,https://www.myprotein.es,nan,nan,myprotein,myproteines,online,8efc02de-d82b-41f5-b85d-3d20522fb682,989ef815-f510-48b2-9b6d-2fd76d4b352c,WWW.THEHUT.CO,NL,394325740,'WWW.MYPROTEIN.COM'
MyProtein,Salud y bienestar,39432574,nan,nan,https://www.myprotein.es,nan,nan,myprotein,myproteines,online,8efc02de-d82b-41f5-b85d-3d20522fb682,989ef815-f510-48b2-9b6d-2fd76d4b352c,WWW.THEHUT.CO,NL,394325740,'WWW.MYPROTEIN.COM'
New York Burger,Restauración,323184333,404.220.361,-36.909.101,C. de Recoletos, 4, 28001 Madrid, España,recoletos madrid,B67672097,new york burger,new york burger,comercio,90ccf8ba-39c1-4288-98eb-89ca645942aa,c1fa3d71-70a5-44f1-a84b-d0c46d7cf728,MADRID,ES,323184333,'NEW YORK BURGER'
New York Burger,Restauración,334711033,40.435.656,-36.907.318,C. de Miguel Ángel, 16, 28010 Madrid, España,miguel angel madrid,B67672097,new york burger,new york burger,comercio,91783404-3b80-4223-9cec-ab16160976bc,c1fa3d71-70a5-44f1-a84b-d0c46d7cf728,MADRID,ES,334711033,'NEW YORK BURGER'
New York Burger,Restauración,350275236,413.859.635,21.661.329,C. de Pelai, 5, 08001 Barcelona, España,pelai barcelona,B67672097,new york burger,new york burger,comercio,b1aba104-d2ec-4b53-beb7-f7b870647e64,c1fa3d71-70a5-44f1-a84b-d0c46d7cf728,BARCELONA,ES,350275236,'NEW YORK BURGER BARCELONA'
New York Burger,Restauración,332163534,404.499.767,-36.916.087,P.º de la Castellana, 89, 28046 Madrid, España,castellana madrid,B67672097,new york burger,new york burger,comercio,f652247e-705e-41fe-b6a3-a248dd896e31,c1fa3d71-70a5-44f1-a84b-d0c46d7cf728,MADRID,ES,332163534,'NEW YORK BURGER PCASTELLA'
New York Burger,Restauración,348197807,405.191.184,-36.576.502,Av. de Europa, 10, 28108 Alcobendas, Madrid, España,europa alcobendas,B67672097,new york burger,new york burger,comercio,4511457f-5592-4128-b101-a67cd97c7933,c1fa3d71-70a5-44f1-a84b-d0c46d7cf728,ALCOBENDAS,ES,348197807,'NEW YORK BURGER'
New York Burger,Restauración,355898057,403.386.624,-37.361.155,Av. de Gran Bretaña, s/n, 28916 Leganés, Madrid, España,gran bretaña leganes,B67672097,new york burger,new york burger,comercio,5e586140-0f3f-4d2f-9f2f-3818cd1fbc2e,c1fa3d71-70a5-44f1-a84b-d0c46d7cf728,LEGANES,ES,355898057,'NEWYORK BURGER'
Nike,Deporte,498750000,nan,nan,https://www.nike.com,nan,nan,nike,nikecom,online,53e8a885-a833-4880-9a57-dcc7508b8a5a,3628ab95-5379-4f8b-9802-6b22fe13f1cf,Madrid,NL,498750000,'MILWAUKEE'
Nike,Deporte,498750000,nan,nan,https://www.nike.com,nan,nan,nike,nikecom,online,53e8a885-a833-4880-9a57-dcc7508b8a5a,3628ab95-5379-4f8b-9802-6b22fe13f1cf,+310207219453,NL,498750000,'Nike IE'
Nike,Deporte,498750000,nan,nan,https://www.nike.com,nan,nan,nike,nikecom,online,53e8a885-a833-4880-9a57-dcc7508b8a5a,3628ab95-5379-4f8b-9802-6b22fe13f1cf,+310207219453,NL,498750000,'Nike PT'
Nike,Deporte,498750000,nan,nan,https://www.nike.com,nan,nan,nike,nikecom,online,53e8a885-a833-4880-9a57-dcc7508b8a5a,3628ab95-5379-4f8b-9802-6b22fe13f1cf,Duesseldorf,NL,498750000,'Tonies'
Nike,Deporte,498750000,nan,nan,https://www.nike.com,nan,nan,nike,nikecom,online,53e8a885-a833-4880-9a57-dcc7508b8a5a,3628ab95-5379-4f8b-9802-6b22fe13f1cf,Amsterdam,NL,498750000,'Arie'
Nike,Deporte,498750000,nan,nan,https://www.nike.com,nan,nan,nike,nikecom,online,53e8a885-a833-4880-9a57-dcc7508b8a5a,3628ab95-5379-4f8b-9802-6b22fe13f1cf,Luxembourg,NL,498750000,'Skype'
Nike,Deporte,498750000,nan,nan,https://www.nike.com,nan,nan,nike,nikecom,online,53e8a885-a833-4880-9a57-dcc7508b8a5a,3628ab95-5379-4f8b-9802-6b22fe13f1cf,Eboli,NL,498750000,'NikePOS_IT'
Nike,Deporte,498750000,nan,nan,https://www.nike.com,nan,nan,nike,nikecom,online,53e8a885-a833-4880-9a57-dcc7508b8a5a,3628ab95-5379-4f8b-9802-6b22fe13f1cf,Brno,NL,498750000,'notino.ee'
Nike,Deporte,498750000,nan,nan,https://www.nike.com,nan,nan,nike,nikecom,online,53e8a885-a833-4880-9a57-dcc7508b8a5a,3628ab95-5379-4f8b-9802-6b22fe13f1cf,+310207219453,NL,498750000,'Nike FR'
Nike,Deporte,498750000,nan,nan,https://www.nike.com,nan,nan,nike,nikecom,online,53e8a885-a833-4880-9a57-dcc7508b8a5a,3628ab95-5379-4f8b-9802-6b22fe13f1cf,Milano,NL,498750000,'Haier'
Nike,Deporte,498750000,nan,nan,https://www.nike.com,nan,nan,nike,nikecom,online,53e8a885-a833-4880-9a57-dcc7508b8a5a,3628ab95-5379-4f8b-9802-6b22fe13f1cf,Frederiksberg,NL,498750000,'ENVII'
Nike,Deporte,498750000,nan,nan,https://www.nike.com,nan,nan,nike,nikecom,online,53e8a885-a833-4880-9a57-dcc7508b8a5a,3628ab95-5379-4f8b-9802-6b22fe13f1cf,Fenouillet,NL,498750000,'NikePOS_FR'
Nike,Deporte,498750000,nan,nan,https://www.nike.com,nan,nan,nike,nikecom,online,53e8a885-a833-4880-9a57-dcc7508b8a5a,3628ab95-5379-4f8b-9802-6b22fe13f1cf,+310207219453,NL,498750000,'Nike DE'
Nike,Deporte,498750000,nan,nan,https://www.nike.com,nan,nan,nike,nikecom,online,53e8a885-a833-4880-9a57-dcc7508b8a5a,3628ab95-5379-4f8b-9802-6b22fe13f1cf,Paris,NL,498750000,'SendinBlue'
Nike,Deporte,498750000,nan,nan,https://www.nike.com,nan,nan,nike,nikecom,online,53e8a885-a833-4880-9a57-dcc7508b8a5a,3628ab95-5379-4f8b-9802-6b22fe13f1cf,+310207219453,NL,498750000,'Nike AT'
Nike,Deporte,498750000,nan,nan,https://www.nike.com,nan,nan,nike,nikecom,online,53e8a885-a833-4880-9a57-dcc7508b8a5a,3628ab95-5379-4f8b-9802-6b22fe13f1cf,Prague,NL,498750000,'Nike Na Prikope'
Nike,Deporte,498750000,nan,nan,https://www.nike.com,nan,nan,nike,nikecom,online,53e8a885-a833-4880-9a57-dcc7508b8a5a,3628ab95-5379-4f8b-9802-6b22fe13f1cf,TORINO,NL,498750000,'notino.ie'
Nike,Deporte,498750000,nan,nan,https://www.nike.com,nan,nan,nike,nikecom,online,53e8a885-a833-4880-9a57-dcc7508b8a5a,3628ab95-5379-4f8b-9802-6b22fe13f1cf,Berlin,NL,498750000,'Flink SE'
Nike,Deporte,498750000,nan,nan,https://www.nike.com,nan,nan,nike,nikecom,online,53e8a885-a833-4880-9a57-dcc7508b8a5a,3628ab95-5379-4f8b-9802-6b22fe13f1cf,Clichy,NL,498750000,'Undiz'
Nike,Deporte,498750000,nan,nan,https://www.nike.com,nan,nan,nike,nikecom,online,53e8a885-a833-4880-9a57-dcc7508b8a5a,3628ab95-5379-4f8b-9802-6b22fe13f1cf,+310207219453,NL,498750000,'Nike BE'
Nike,Deporte,498750000,nan,nan,https://www.nike.com,nan,nan,nike,nikecom,online,53e8a885-a833-4880-9a57-dcc7508b8a5a,3628ab95-5379-4f8b-9802-6b22fe13f1cf,Ardooie,NL,498750000,'Samsonite'
Nike,Deporte,498750000,nan,nan,https://www.nike.com,nan,nan,nike,nikecom,online,53e8a885-a833-4880-9a57-dcc7508b8a5a,3628ab95-5379-4f8b-9802-6b22fe13f1cf,NICE,NL,498750000,'MR_Nice'
Nike,Deporte,498750000,nan,nan,https://www.nike.com,nan,nan,nike,nikecom,online,53e8a885-a833-4880-9a57-dcc7508b8a5a,3628ab95-5379-4f8b-9802-6b22fe13f1cf,Paris,NL,498750000,'IKKS'
Nike,Deporte,498750000,nan,nan,https://www.nike.com,nan,nan,nike,nikecom,online,53e8a885-a833-4880-9a57-dcc7508b8a5a,3628ab95-5379-4f8b-9802-6b22fe13f1cf,Valencia,NL,498750000,'BONAIRE'
Nike,Deporte,498750000,nan,nan,https://www.nike.com,nan,nan,nike,nikecom,online,53e8a885-a833-4880-9a57-dcc7508b8a5a,3628ab95-5379-4f8b-9802-6b22fe13f1cf,Goeteborg,NL,498750000,'NAKD'
Nike,Deporte,498750000,nan,nan,https://www.nike.com,nan,nan,nike,nikecom,online,53e8a885-a833-4880-9a57-dcc7508b8a5a,3628ab95-5379-4f8b-9802-6b22fe13f1cf,Nederland,NL,498750000,'ENEB'
Nike,Deporte,498750000,nan,nan,https://www.nike.com,nan,nan,nike,nikecom,online,53e8a885-a833-4880-9a57-dcc7508b8a5a,3628ab95-5379-4f8b-9802-6b22fe13f1cf,Herzogenaurac,NL,498750000,'NikePOS_DE'
Nike,Deporte,498750000,nan,nan,https://www.nike.com,nan,nan,nike,nikecom,online,53e8a885-a833-4880-9a57-dcc7508b8a5a,3628ab95-5379-4f8b-9802-6b22fe13f1cf,Utrecht,NL,498750000,'NikePOS_NL'
Nike,Deporte,498750000,nan,nan,https://www.nike.com,nan,nan,nike,nikecom,online,53e8a885-a833-4880-9a57-dcc7508b8a5a,3628ab95-5379-4f8b-9802-6b22fe13f1cf,Vasteras,NL,498750000,'Twistshake'
Nike,Deporte,498750000,nan,nan,https://www.nike.com,nan,nan,nike,nikecom,online,53e8a885-a833-4880-9a57-dcc7508b8a5a,3628ab95-5379-4f8b-9802-6b22fe13f1cf,Berlin,NL,498750000,'NextbikeDE'
Nike,Deporte,498750000,nan,nan,https://www.nike.com,nan,nan,nike,nikecom,online,53e8a885-a833-4880-9a57-dcc7508b8a5a,3628ab95-5379-4f8b-9802-6b22fe13f1cf,Barcelona,NL,498750000,'Nike PDG'
Nike,Deporte,498750000,nan,nan,https://www.nike.com,nan,nan,nike,nikecom,online,53e8a885-a833-4880-9a57-dcc7508b8a5a,3628ab95-5379-4f8b-9802-6b22fe13f1cf,Bruxelles,NL,498750000,'Wise'
Nike,Deporte,498750000,nan,nan,https://www.nike.com,nan,nan,nike,nikecom,online,53e8a885-a833-4880-9a57-dcc7508b8a5a,3628ab95-5379-4f8b-9802-6b22fe13f1cf,MADRID,NL,498750000,'KENZO'
Nike,Deporte,498750000,nan,nan,https://www.nike.com,nan,nan,nike,nikecom,online,53e8a885-a833-4880-9a57-dcc7508b8a5a,3628ab95-5379-4f8b-9802-6b22fe13f1cf,+310207219453,NL,498750000,'Nike ES'
OKFarma.es,Salud y bienestar,164101560,nan,nan,https://okfarma.es,nan,nan,okfarma,okfarmaes,online,6a0e7c25-70e8-49bd-850e-04963873c13c,48b62486-680d-40e9-94e6-02929ab96b5c,CIUDAD REAL,ES,164101560,'OKFARMA.ES'
Pandora,Moda,526567000,nan,nan,https://es.pandora.net/es/,nan,nan,pandora,pandoranet,online,03eb3ae2-eaa1-4681-b5e1-dfd6c7fda0e4,0edf9cfb-56ec-4b6c-acfa-84ba1306d284,Amsterdam,NL,526567000,'Under Armour'
Pandora,Moda,526567000,nan,nan,https://es.pandora.net/es/,nan,nan,pandora,pandoranet,online,03eb3ae2-eaa1-4681-b5e1-dfd6c7fda0e4,0edf9cfb-56ec-4b6c-acfa-84ba1306d284,Burgos,NL,526567000,'EL MIRADOR'
Pandora,Moda,526567000,nan,nan,https://es.pandora.net/es/,nan,nan,pandora,pandoranet,online,03eb3ae2-eaa1-4681-b5e1-dfd6c7fda0e4,0edf9cfb-56ec-4b6c-acfa-84ba1306d284,Castellon,NL,526567000,'SALERA'
Pandora,Moda,526567000,nan,nan,https://es.pandora.net/es/,nan,nan,pandora,pandoranet,online,03eb3ae2-eaa1-4681-b5e1-dfd6c7fda0e4,0edf9cfb-56ec-4b6c-acfa-84ba1306d284,SantAdriaBes,NL,526567000,'Latostadora'
Pandora,Moda,526567000,nan,nan,https://es.pandora.net/es/,nan,nan,pandora,pandoranet,online,03eb3ae2-eaa1-4681-b5e1-dfd6c7fda0e4,0edf9cfb-56ec-4b6c-acfa-84ba1306d284,Paris,NL,526567000,'Sarenza'
Pandora,Moda,526567000,nan,nan,https://es.pandora.net/es/,nan,nan,pandora,pandoranet,online,03eb3ae2-eaa1-4681-b5e1-dfd6c7fda0e4,0edf9cfb-56ec-4b6c-acfa-84ba1306d284,Praha,NL,526567000,'Alensa'
Pandora,Moda,526567000,nan,nan,https://es.pandora.net/es/,nan,nan,pandora,pandoranet,online,03eb3ae2-eaa1-4681-b5e1-dfd6c7fda0e4,0edf9cfb-56ec-4b6c-acfa-84ba1306d284,Barcelona,NL,526567000,'PromoFarma'
Pandora,Moda,526567000,nan,nan,https://es.pandora.net/es/,nan,nan,pandora,pandoranet,online,03eb3ae2-eaa1-4681-b5e1-dfd6c7fda0e4,0edf9cfb-56ec-4b6c-acfa-84ba1306d284,Arteixo,NL,526567000,'PullandBear.com'
Pandora,Moda,526567000,nan,nan,https://es.pandora.net/es/,nan,nan,pandora,pandoranet,online,03eb3ae2-eaa1-4681-b5e1-dfd6c7fda0e4,0edf9cfb-56ec-4b6c-acfa-84ba1306d284,Madrid,NL,526567000,'OUIGO Espana'
Pante,Alimentación y nutrición,124728668,40.422.588,-36.848.072,C. de Villanueva, 21, 28001 Madrid, España,villanueva madrid,B87910659,pante,pante,comercio,27f428dd-9592-466f-983d-d42232e15c8c,6b75ae18-dfac-4924-ad4e-da49a9751fd3,MADRID,ES,124728668,'PANTE'
papiroga,Moda,347976144,404.286.709,-36.995.856,C. de Francisco de Rojas, 1, 28010 Madrid, España,francisco de rojas madrid,B05272505,papiroga,papiroga,comercio,6be77ee2-40b1-4463-8a3f-d2f827fbd456,d00c0ba9-c5a4-4159-9e5e-7b050b2d6a87,MADRID,ES,347976144,'PAPIROGA'
Pasta Balboa,Restauración,356155226,404.301.865,-37.015.832,Calle del Cardenal Cisneros, 10, 28010 Madrid, España,cardenal cisneros madrid,B67672097,pasta balboa,pasta balboa,comercio,12fdfc1f-de95-4d64-b6da-fd7903eae9de,b98c9990-a0c8-499c-8ee0-81900cf59ea3,MADRID,ES,356155226,'PASTA BALBOA'
Pilates Movement Studio,Deporte,14382576,404.257.357,-37.151.344,Calle de Luisa Fernanda, 12, 28008 Madrid, España,luisa fernanda madrid,E86584349,pilates movement studio,pilates movement studio,comercio,81f7a690-04de-4782-b90c-c390ed20ed51,7665233c-7436-4625-a7d6-684423fe46ba,MADRID,ES,014382576,'PILATES MOVEMENT STUDIO'
Pizza Hut,Alimentación y nutrición,347163495,nan,nan,https://www.pizzahut.es/,nan,nan,pizzahut,pizzahutes,online,ee5f6423-c797-400d-bacf-9cd9c87baeaf,eaa3ea4e-3834-40c9-b95a-2bf3f4b775b5,MADRID,ES,347163495,'PIZZA HUT ANTONIO PEREZ'
PRODUCTOS IBÉRICOS CÉSAR NIETO,Alimentación y nutrición,36007482,nan,nan,https://www.cesarnieto.com,nan,B37201084,cesarnieto,cesarnietocom,online,d047dbf0-c3f7-4eb8-8e1f-974d49be900b,5eca9dfd-3dc3-4027-b0c6-86181e3d99b6,GUIJUELO,ES,036007482,'CESARNIETO.COM'
Regañadientes,Restauración,36612174,404.223.642,-36.930.899,Calle del Almte., 24, 28004 Madrid, España,almiranntete madrid,B16779514,regañadientes,regañadientes,comercio,d7d06ec6-3869-4844-a2fa-8241eae1f117,fad2305e-2893-4c77-9d8c-e95e6973851c,MADRID,ES,036612174,'REGAãADIENTES'
Restaurante Balthazar,Restauración,15803869,413.919.598,21.551.156,C. del Roselló, 189, 08036 Barcelona, España,rosello barcelona,B64117088,restaurante balthazar,restaurante balthazar,comercio,b36ca4a0-dd0d-4a02-bbc3-123889b299ef,939cf4ac-a197-4ac9-bb16-7413b2631554,BARCELONA,ES,015803869,'BALTHAZAR RESTAURANT'
Royal Thai,Restauración,344401823,40.457.753,-36.930.685,Av. de Brasil, 30, 28020 Madrid, España,brasil madrid,B87832747,royal thai,royal thai,comercio,a2c33a3d-369a-472d-8324-4e06ac8b092d,84a0c287-e1e6-4b0e-bfec-c0d5a5599b73,MADRID,ES,344401823,'IMPERIUM ROYALTHAI SL'
Royal Thai,Restauración,344401674,40.457.753,-36.930.685,Av. de Brasil, 30, 28020 Madrid, España,brasil madrid,B87832747,royal thai,royal thai,comercio,a2c33a3d-369a-472d-8324-4e06ac8b092d,84a0c287-e1e6-4b0e-bfec-c0d5a5599b73,MADRID,ES,344401674,'IMPERIUM ROYALTHAI'
Rubaiyat,Restauración,31320278,404.611.123,-36.868.676,C. de Juan Ramón Jiménez, 37, 28036 Madrid, España,juan ramon jimenez madrid,B84092626,rubaiyat,rubaiyat,comercio,55523bc8-662c-4892-b03d-f8626fe3780c,c6b45321-ac1c-4869-918b-9f903449729e,MADRID,ES,031320278,'RESTAURANTE RUBAIYAT'
Satis - Brasagoiti y Carnales,Ocio y cultura,337242333,43.349.005,-301.139,Av. Basagoiti, 50, 48991 Getxo, Vizcaya, España,basagoiti getxo,B95972600,satis brasagoiti y carnales,satis - brasagoiti y carnales,comercio,22a93fda-dcf4-4798-a776-e77c3cb06527,784ed3ad-63b8-492d-99c4-b3b2e0586935,GETXO,ES,337242333,'BRASAGOITI'
Sepiia,Moda,496625985,nan,nan,https://sepiia.com,nan,nan,sepiia,sepiiacom,online,fed7f5f7-7381-4bee-862f-7d14db8288ae,b104472e-3426-4a39-9439-189dda296063,MADRID,IE,496625985,'SP SEPIIA 2080'
SHIFT,Ocio y cultura,97780027,404.300.748,-37.018.497,Calle del Cardenal Cisneros, 11, 28010 Madrid, España,cardenal cisneros madrid,B72504731,shift,shift,comercio,273f36bd-6a52-423e-a11b-7e963eabc3de,18620448-f96e-4f80-b89c-cdb41abdab2d,MADRID,ES,097780027,'SHIFT PUBLIC HOUSE'
SottoSopra,Restauración,175282755,404.233.488,-36.863.059,C. de Puigcerda, 8, 28001 Madrid, España,puigcerda madrid,B87942280,sottosopra,sottosopra,comercio,9ecb1753-f538-437e-8bd7-7857bf2ebd75,fbc94515-3199-4a92-bd1a-4e184c074b69,MADRID,ES,175282755,'RESTAURANTE SOTTOSOPRA'
Sun Music,Salud y bienestar,49170343,404.243.655,-36.707.614,Calle de Goya, 102, 28009 Madrid, España,goya madrid,B80628233,sun music,sun music,comercio,25eca4be-3c82-450e-8485-6a93679880f4,a5a3be35-755f-4c9d-be08-afb573ed95e9,MADRID,ES,049170343,'SUN MUSIC'
Taberna Los Gallos,Restauración,333694446,404.234.778,-3.686.283,C. de Puigcerda, 6, 28001 Madrid, España,puigcerda madrid,B87068169,taberna los gallos,taberna los gallos,comercio,1fe1ff54-ea9b-4097-afcf-c390e98d0cd3,20516a22-ec01-4f7d-ab9d-c07cf502f887,MADRID,ES,333694446,'TABERNA LOS GALLOS'
Taj Mahal,Restauración,352347967,40.456.451,-36.192.547,Av. de los Andes, 25, 28043 Madrid, España,andes madrid,B87606554,taj mahal,taj mahal,comercio,0a49cb15-bcd7-4a0c-89d8-4a76b740e6e9,a4e49c5d-49f4-4d42-aca6-ea86e3591f4c,MADRID,ES,352347967,'TAJ MAHAL CAFE'
Taj Mahal,Restauración,126780642,404.241.226,-36.962.184,C. de Belén, 12, 28004 Madrid, España,belen madrid,B87606554,taj mahal,taj mahal,comercio,da36dd7a-6bc0-4213-a960-0fec9d3aabbe,a4e49c5d-49f4-4d42-aca6-ea86e3591f4c,MADRID,ES,126780642,'TAJ MAHAL'
Taj Mahal,Restauración,337102297,40.456.451,-36.192.547,Av. de los Andes, 25, 28043 Madrid, España,andes madrid,B87606554,taj mahal,taj mahal,comercio,0a49cb15-bcd7-4a0c-89d8-4a76b740e6e9,a4e49c5d-49f4-4d42-aca6-ea86e3591f4c,MADRID,ES,337102297,'TAJ MAHAL CAFE'
Taj Mahal,Restauración,357753532,404.634.205,-3.687.524,C. de Félix Boix, 7, Chamartín, 28036 Madrid, España,felix boix chamartin,B87606554,taj mahal,taj mahal,comercio,dca1bdcb-0b49-4597-94a2-8e88c2640059,a4e49c5d-49f4-4d42-aca6-ea86e3591f4c,MADRID,ES,357753532,'TAJ MAHAL'
Taj Mahal,Restauración,357753532,404.634.205,-3.687.524,C. de Félix Boix, 7, Chamartín, 28036 Madrid, España,felix boix chamartin,B87606554,taj mahal,taj mahal,comercio,dca1bdcb-0b49-4597-94a2-8e88c2640059,a4e49c5d-49f4-4d42-aca6-ea86e3591f4c,MADRID,ES,357753532,'taj mahal'
Taj Mahal,Restauración,335961173,404.312.842,-37.020.858,Calle del Cardenal Cisneros, 29, 28010 Madrid, España,cardenal cisneros madrid,B87606554,taj mahal,taj mahal,comercio,77e6b7ac-f79d-48e1-9708-4cb2b5612eee,a4e49c5d-49f4-4d42-aca6-ea86e3591f4c,MADRID,ES,335961173,'TAJ MAHAL'
Taj Mahal,Restauración,124478868,40.425.125,-37.118.202,C. Duque de Osuna, 6, 28015 Madrid, España,duque de osuna madrid,B87606554,taj mahal,taj mahal,comercio,d5585df0-7733-46e2-bfc8-3f06fb5e2bcf,a4e49c5d-49f4-4d42-aca6-ea86e3591f4c,MADRID,ES,124478868,'TAJ MAHAL'
Tantanfan,Ocio y cultura,66770157,nan,nan,https://www.tantanfan.com,nan,nan,tantanfan,tantanfancom,online,9f3cee22-4a29-4e60-8d97-8e143cd167f3,7300496a-6b54-4c01-aa0f-840f4065f902,BARCELONA,ES,066770157,'TANTANFAN'
Tejiendo Madrid,Ocio y cultura,36811024,404.284.868,-36.766.948,Calle del General Díaz Porlier, 40, 28001 Madrid, España,general diaz porlier madrid,B67632505,tejiendo madrid,tejiendo madrid,comercio,806bb7ee-bf9f-4a27-8e92-5e8c5115b00e,8e07b0d9-4b36-485e-adbd-8bbd33d5df78,MADRID,ES,036811024,'TEJIENDO MADRID'
Telepizza,Alimentación y nutrición,337499396,nan,nan,https://www.telepizza.es,nan,nan,telepizza,telepizzaes,online,9fd89f4a-15a6-4061-8480-649522bafa0f,b9164d3c-cd4a-4568-8d85-9a64411c048a,MADRID,ES,337499396,'TELEPIZZA ALCALA 608'
Telepizza,Alimentación y nutrición,350547964,nan,nan,https://www.telepizza.es,nan,nan,telepizza,telepizzaes,online,9fd89f4a-15a6-4061-8480-649522bafa0f,b9164d3c-cd4a-4568-8d85-9a64411c048a,ZARAGOZA,ES,350547964,'TELEPIZZA DELICIAS'
Telepizza,Alimentación y nutrición,354145468,nan,nan,https://www.telepizza.es,nan,nan,telepizza,telepizzaes,online,9fd89f4a-15a6-4061-8480-649522bafa0f,b9164d3c-cd4a-4568-8d85-9a64411c048a,LA POBLA DE F,ES,354145468,'TELEPIZZA POBLA FARNALS'
The Nail Corner,Salud y bienestar,31594310,404.249.207,-36.746.368,Calle de Goya, 93, 28009 Madrid, España,goya madrid,B87852836,the nail corner,the nail corner,comercio,5c918ada-fcfe-4b23-a0fc-454e1585df96,af495b37-06bb-4a27-ac7b-7460f697b800,MADRID,ES,031594310,'THE NAIL CORNER BY OPI'
Timberland,Moda,81733453,433.200.141,-1.983.706,Andia Kalea, 7, 20004 Donostia, Gipuzkoa, España,andia kalea donostia,B79074399,timberland,timberland,comercio,f5ef9a36-a250-4ccb-9ef5-988bddfa5a48,1488b9b1-bba8-4d49-87d0-11b918d6b7a6,DONOSTIA-SAN,ES,081733453,'TIMBERLAND DONOSTI'
Todo en Belleza,Salud y bienestar,49105711,404.314.066,-36.993.515,Calle de Luchana, 25, 28010 Madrid, España,luchana madrid,B85624724,todo en belleza,todo en belleza,comercio,da8345c5-ffd1-4fc0-a5cc-6499c740786d,2ec8036d-9f37-4895-aaf7-833555ee640e,ALCALA HENARE,ES,049105711,'TODO EN BELLEZA'
TRILOGÍA,Salud y bienestar,59399006,404.252.678,-36.710.102,C. de la Fuente del Berro, 18, 28009 Madrid, España,fuente del berro madrid,B88261474,trilogía,trilogía,comercio,938e920e-3530-4aa5-a581-a571107d3e9e,337c8b46-8e48-46b1-a4f6-7360e8edafc9,MADRID,ES,059399006,'TRILOGIA PELUQUEROS'
Vans,Moda,265358250,nan,nan,https://www.vans.es,nan,nan,vans,vanses,online,615333ee-7dc9-439b-ab05-b763a99b8217,11839bae-f766-4cea-9dd3-9c9a6423bee2,BARCELONA,NL,265358250,'VANS'
Vans,Moda,26535825,nan,nan,https://www.vans.es,nan,nan,vans,vanses,online,615333ee-7dc9-439b-ab05-b763a99b8217,11839bae-f766-4cea-9dd3-9c9a6423bee2,BARCELONA,NL,265358250,'VANS'
Viding Care,Deporte,337394613,404.278.963,-3.673.495,C. de Alcántara, 26, 28006 Madrid, España,alcantara madrid,B87572830,viding care,viding care,comercio,8554ecc6-60de-4da5-a091-d532d53ebf66,f3df01e5-4d07-4a49-b1df-b14462a5aa37,MADRID,ES,337394613,'VIDING SERVICIOS CORPORAT'
Wish,Moda,20057992,nan,nan,https://www.wish.com/,nan,nan,wish,wishcom,online,0c6a9ed1-9ebe-4462-9066-2f7f2c49ccab,69702cc6-9e51-47ed-b24e-e7c964ab3dc6,+31 203332389,IE,020057992,'WISH.COM'
Xiaomi,Electrónica,20437706,nan,nan,https://www.mi.com/es/,nan,nan,mi,micom,online,d896bf6b-0d0f-42ee-ba4f-8ffd2753f8b3,8adf4291-5cb9-4759-801a-8a0121407243,S GRAVENHAGE,IE,020437706,'MI.COM'
Zapatos Mayka,Moda,452763,nan,nan,https://www.zapatosmayka.es,nan,nan,zapatosmayka,zapatosmaykaes,online,8233c6d8-c17d-4a17-afd6-2ca864ceba73,f4a00617-2bf4-4a64-8fb4-e84b95d28b21,ELX,ES,000452763,'MAYKA'
